{
  "title": "Untitled Project",
  "description": "",
  "head": "<meta charset=\"UTF-8\" />\n<meta name=\"viewport\" content=\"width=device-width, initial-scale=1.0\" />",
  "htmlAttrs": "lang=\"en\" class=\"\"",
  "tags": [],
  "autoupdate": true,
  "autosave": false,
  "autotest": false,
  "delay": 1500,
  "formatOnsave": false,
  "view": "split",
  "mode": "full",
  "theme": "dark",
  "layout": "responsive",
  "recoverUnsaved": true,
  "showSpacing": false,
  "welcome": true,
  "readonly": false,
  "allowLangChange": true,
  "activeEditor": "markup",
  "markup": {
    "language": "html",
    "content": "<!DOCTYPE html>\r\n<html>\r\n<head>\r\n  <title>AI Personality Configuration</title>\r\n  <style>\r\n    body {\r\n      font-family: Arial, sans-serif;\r\n      background: white;\r\n      margin: 0;\r\n      padding: 0;\r\n    }\r\n    \r\n    /* Main page styles */\r\n    .home-container {\r\n      display: flex;\r\n      flex-direction: column;\r\n      justify-content: center;\r\n      align-items: center;\r\n      height: 100vh;\r\n      text-align: center;\r\n      padding: 20px;\r\n    }\r\n    \r\n    .home-title {\r\n      color: #333;\r\n      margin-bottom: 10px;\r\n    }\r\n    \r\n    .home-subtitle {\r\n      color: #666;\r\n      margin-bottom: 40px;\r\n    }\r\n    \r\n    .home-button {\r\n      padding: 12px 24px;\r\n      background: #007bff;\r\n      color: white;\r\n      border: none;\r\n      border-radius: 4px;\r\n      font-size: 16px;\r\n      cursor: pointer;\r\n    }\r\n    \r\n    /* Settings page styles */\r\n    .settings-container {\r\n      max-width: 600px;\r\n      margin: 0 auto;\r\n      padding: 20px;\r\n      display: none;\r\n    }\r\n    \r\n    .step {\r\n      display: none;\r\n      margin-top: 20px;\r\n    }\r\n    \r\n    .step.active {\r\n      display: block;\r\n    }\r\n    \r\n    .slider-container {\r\n      margin: 20px 0;\r\n    }\r\n    \r\n    .slider-label {\r\n      display: flex;\r\n      justify-content: space-between;\r\n      margin-bottom: 5px;\r\n    }\r\n    \r\n    .slider {\r\n      width: 100%;\r\n    }\r\n    \r\n    .navigation-buttons {\r\n      margin-top: 30px;\r\n      display: flex;\r\n      justify-content: space-between;\r\n    }\r\n    \r\n    button {\r\n      padding: 10px 20px;\r\n      background: #007bff;\r\n      color: white;\r\n      border: none;\r\n      border-radius: 4px;\r\n      cursor: pointer;\r\n    }\r\n    \r\n    .test-chat {\r\n      margin-top: 20px;\r\n      border: 1px solid #ddd;\r\n      padding: 15px;\r\n      border-radius: 5px;\r\n      height: 200px;\r\n      overflow-y: auto;\r\n      background: #f9f9f9;\r\n    }\r\n    \r\n    /* Done page styles */\r\n    .done-container {\r\n      display: flex;\r\n      flex-direction: column;\r\n      justify-content: center;\r\n      align-items: center;\r\n      height: 100vh;\r\n      text-align: center;\r\n      padding: 20px;\r\n      display: none;\r\n    }\r\n    \r\n    .done-title {\r\n      color: #333;\r\n      margin-bottom: 20px;\r\n      font-size: 24px;\r\n    }\r\n    \r\n    .done-subtitle {\r\n      color: #666;\r\n      margin-bottom: 30px;\r\n    }\r\n    \r\n    .site-link {\r\n      color: #007bff;\r\n      text-decoration: underline;\r\n      cursor: pointer;\r\n      margin-bottom: 20px;\r\n      display: block;\r\n    }\r\n    \r\n    .done-button {\r\n      padding: 12px 24px;\r\n      background: #28a745;\r\n      color: white;\r\n      border: none;\r\n      border-radius: 4px;\r\n      font-size: 16px;\r\n      cursor: pointer;\r\n    }\r\n    \r\n    /* Modal styles */\r\n    .modal {\r\n      display: none;\r\n      position: fixed;\r\n      top: 0;\r\n      left: 0;\r\n      width: 100%;\r\n      height: 100%;\r\n      background: rgba(0,0,0,0.5);\r\n      justify-content: center;\r\n      align-items: center;\r\n    }\r\n    \r\n    .modal-content {\r\n      background: white;\r\n      padding: 20px;\r\n      border-radius: 5px;\r\n      text-align: center;\r\n    }\r\n    \r\n    .format-button {\r\n      margin: 5px;\r\n      padding: 8px 15px;\r\n      background: #28a745;\r\n      border: none;\r\n      border-radius: 4px;\r\n      cursor: pointer;\r\n      font-size: 14px;\r\n    }\r\n    \r\n    .cancel-button {\r\n      margin-top: 15px;\r\n      padding: 10px 20px;\r\n      background: #dc3545;\r\n      border: none;\r\n      border-radius: 4px;\r\n      cursor: pointer;\r\n    }\r\n  </style>\r\n</head>\r\n<body>\r\n  <!-- Main Page -->\r\n  <div id=\"homePage\" class=\"home-container\">\r\n    <h1 class=\"home-title\">Configure Your AI Assistant</h1>\r\n    <p class=\"home-subtitle\">Create a unique profile for communication</p>\r\n    <button \r\n      class=\"home-button\"\r\n      onclick=\"showSettingsPage()\"\r\n    >\r\n      Start Configuration\r\n    </button>\r\n  </div>\r\n  \r\n  <!-- Settings Page -->\r\n  <div id=\"settingsPage\" class=\"settings-container\">\r\n    <h1>AI Profile Configuration</h1>\r\n    \r\n    <!-- Step 1: Basic Settings -->\r\n    <div id=\"step1\" class=\"step active\">\r\n      <h2>Step 1: Basic Settings</h2>\r\n      <div>\r\n        <label for=\"aiName\">AI Name:</label>\r\n        <input type=\"text\" id=\"aiName\" placeholder=\"e.g., 'Assistant'\">\r\n      </div>\r\n      \r\n      <div class=\"slider-container\">\r\n        <div class=\"slider-label\">\r\n          <span>Speech Formality:</span>\r\n          <span id=\"formalityValue\">50%</span>\r\n        </div>\r\n        <input type=\"range\" id=\"formality\" class=\"slider\" min=\"0\" max=\"100\" value=\"50\">\r\n      </div>\r\n      \r\n      <div class=\"navigation-buttons\">\r\n        <button onclick=\"showStep(2)\">Next</button>\r\n      </div>\r\n    </div>\r\n    \r\n    <!-- Step 2: Behavioral Settings -->\r\n    <div id=\"step2\" class=\"step\">\r\n      <h2>Step 2: Behavioral Settings</h2>\r\n      \r\n      <div class=\"slider-container\">\r\n        <div class=\"slider-label\">\r\n          <span>Logic vs. Creativity:</span>\r\n          <span id=\"logicValue\">50%</span>\r\n        </div>\r\n        <input type=\"range\" id=\"logic\" class=\"slider\" min=\"0\" max=\"100\" value=\"50\">\r\n      </div>\r\n      \r\n      <div class=\"slider-container\">\r\n        <div class=\"slider-label\">\r\n          <span>Emotionality:</span>\r\n          <span id=\"emotionValue\">50%</span>\r\n        </div>\r\n        <input type=\"range\" id=\"emotion\" class=\"slider\" min=\"0\" max=\"100\" value=\"50\">\r\n      </div>\r\n      \r\n      <div class=\"slider-container\">\r\n        <div class=\"slider-label\">\r\n          <span>Friendliness:</span>\r\n          <span id=\"friendlinessValue\">50%</span>\r\n        </div>\r\n        <input type=\"range\" id=\"friendliness\" class=\"slider\" min=\"0\" max=\"100\" value=\"50\">\r\n      </div>\r\n      \r\n      <div class=\"slider-container\">\r\n        <div class=\"slider-label\">\r\n          <span>Initiative:</span>\r\n          <span id=\"initiativeValue\">50%</span>\r\n        </div>\r\n        <input type=\"range\" id=\"initiative\" class=\"slider\" min=\"0\" max=\"100\" value=\"50\">\r\n      </div>\r\n      \r\n      <div class=\"slider-container\">\r\n        <div class=\"slider-label\">\r\n          <span>Patience:</span>\r\n          <span id=\"patienceValue\">50%</span>\r\n        </div>\r\n        <input type=\"range\" id=\"patience\" class=\"slider\" min=\"0\" max=\"100\" value=\"50\">\r\n      </div>\r\n      \r\n      <div class=\"slider-container\">\r\n        <div class=\"slider-label\">\r\n          <span>Curiosity:</span>\r\n          <span id=\"curiosityValue\">50%</span>\r\n        </div>\r\n        <input type=\"range\" id=\"curiosity\" class=\"slider\" min=\"0\" max=\"100\" value=\"50\">\r\n      </div>\r\n      \r\n      <div class=\"slider-container\">\r\n        <div class=\"slider-label\">\r\n          <span>Openness:</span>\r\n          <span id=\"opennessValue\">50%</span>\r\n        </div>\r\n        <input type=\"range\" id=\"openness\" class=\"slider\" min=\"0\" max=\"100\" value=\"50\">\r\n      </div>\r\n      \r\n      <div class=\"navigation-buttons\">\r\n        <button onclick=\"showStep(1)\">Back</button>\r\n        <button onclick=\"showStep(3)\">Next</button>\r\n      </div>\r\n    </div>\r\n    \r\n    <!-- Step 3: Check Settings -->\r\n    <div id=\"step3\" class=\"step\">\r\n      <h2>Step 3: Check Settings</h2>\r\n      \r\n      <div class=\"test-chat\" id=\"testChat\">\r\n        <p><strong>AI:</strong> Hello! I'm set to:</p>\r\n        <p>- Speech Formality: 50%</p>\r\n        <p>- Logic: 50%</p>\r\n        <p>- Emotionality: 50%</p>\r\n        <p>- Friendliness: 50%</p>\r\n        <p>- Initiative: 50%</p>\r\n        <p>- Patience: 50%</p>\r\n        <p>- Curiosity: 50%</p>\r\n        <p>- Openness: 50%</p>\r\n      </div>\r\n      \r\n      <div class=\"navigation-buttons\">\r\n        <button onclick=\"showStep(2)\">Back</button>\r\n        <button onclick=\"showSaveModal()\">Save</button>\r\n      </div>\r\n    </div>\r\n  </div>\r\n  \r\n  <!-- Done Page -->\r\n  <div id=\"donePage\" class=\"done-container\">\r\n    <h1 class=\"done-title\">Done!</h1>\r\n    <p class=\"done-subtitle\">Settings saved. Now you can start communicating with your AI.</p>\r\n    <a class=\"site-link\" onclick=\"showHomePage()\">Click here to start</a>\r\n    <button \r\n      class=\"done-button\"\r\n      onclick=\"showHomePage()\"\r\n    >\r\n      Start Over\r\n    </button>\r\n  </div>\r\n\r\n  <!-- Save Format Modal -->\r\n  <div id=\"saveModal\" class=\"modal\">\r\n    <div class=\"modal-content\">\r\n      <h3>Choose save format:</h3>\r\n      <button class=\"format-button\" onclick=\"saveFormat('chatPPT')\">chatPPT</button>\r\n      <button class=\"format-button\" onclick=\"saveFormat('chatHHY')\">chatHHY</button>\r\n      <button class=\"format-button\" onclick=\"saveFormat('ChatLKJ')\">ChatLKJ</button>\r\n      <button class=\"format-button\" onclick=\"saveFormat('chatJGDYT')\">chatJGDYT</button>\r\n      <button class=\"format-button\" onclick=\"saveFormat('Chat345')\">Chat345</button>\r\n      <button class=\"format-button\" onclick=\"saveFormat('Chatp-34')\">Chatp-34</button>\r\n      <button class=\"format-button\" onclick=\"saveFormat('chat234')\">chat234</button>\r\n      <br>\r\n      <button class=\"cancel-button\" onclick=\"closeSaveModal()\">Cancel</button>\r\n    </div>\r\n  </div>\r\n\r\n  <script>\r\n    // Show main page\r\n    function showHomePage() {\r\n      document.getElementById('homePage').style.display = 'flex';\r\n      document.getElementById('settingsPage').style.display = 'none';\r\n      document.getElementById('donePage').style.display = 'none';\r\n    }\r\n    \r\n    // Show settings page\r\n    function showSettingsPage() {\r\n      document.getElementById('homePage').style.display = 'none';\r\n      document.getElementById('settingsPage').style.display = 'block';\r\n      document.getElementById('donePage').style.display = 'none';\r\n      showStep(1); // Start with step 1\r\n    }\r\n    \r\n    // Switch steps\r\n    function showStep(step) {\r\n      document.getElementById('step1').classList.remove('active');\r\n      document.getElementById('step2').classList.remove('active');\r\n      document.getElementById('step3').classList.remove('active');\r\n      document.getElementById('step' + step).classList.add('active');\r\n    }\r\n    \r\n    // Show save modal\r\n    function showSaveModal() {\r\n      document.getElementById('saveModal').style.display = 'flex';\r\n    }\r\n    \r\n    // Close save modal\r\n    function closeSaveModal() {\r\n      document.getElementById('saveModal').style.display = 'none';\r\n    }\r\n    \r\n    // Handle format selection\r\n    function saveFormat(format) {\r\n      alert(`Settings saved in format ${format}!`);\r\n      closeSaveModal();\r\n      \r\n      // Show done page\r\n      document.getElementById('homePage').style.display = 'none';\r\n      document.getElementById('settingsPage').style.display = 'none';\r\n      document.getElementById('donePage').style.display = 'flex';\r\n    }\r\n    \r\n    // Обновление значений слайдеров и чата\r\n    function updateSliderValue(id, valueId) {\r\n      document.getElementById(id).addEventListener('input', function() {\r\n        document.getElementById(valueId).textContent = this.value + '%';\r\n        updateTestChat();\r\n      });\r\n    }\r\n    \r\n    // Обновление чата\r\n    function updateTestChat() {\r\n      const formality = document.getElementById('formality').value;\r\n      const logic = document.getElementById('logic').value;\r\n      const emotion = document.getElementById('emotion').value;\r\n      const friendliness = document.getElementById('friendliness').value;\r\n      const initiative = document.getElementById('initiative').value;\r\n      const patience = document.getElementById('patience').value;\r\n      const curiosity = document.getElementById('curiosity').value;\r\n      const openness = document.getElementById('openness').value;\r\n      const aiName = document.getElementById('aiName').value || \"AI\";\r\n      \r\n      const chat = document.getElementById('testChat');\r\n      chat.innerHTML = `<p><strong>${aiName}:</strong> Hello! I'm set to:</p>\r\n        <p>- Speech Formality: ${formality}%</p>\r\n        <p>- Logic: ${logic}%</p>\r\n        <p>- Emotionality: ${emotion}%</p>\r\n        <p>- Friendliness: ${friendliness}%</p>\r\n        <p>- Initiative: ${initiative}%</p>\r\n        <p>- Patience: ${patience}%</p>\r\n        <p>- Curiosity: ${curiosity}%</p>\r\n        <p>- Openness: ${openness}%</p>`;\r\n    }\r\n    \r\n    // Инициализация обработчиков для всех слайдеров\r\n    updateSliderValue('formality', 'formalityValue');\r\n    updateSliderValue('logic', 'logicValue');\r\n    updateSliderValue('emotion', 'emotionValue');\r\n    updateSliderValue('friendliness', 'friendlinessValue');\r\n    updateSliderValue('initiative', 'initiativeValue');\r\n    updateSliderValue('patience', 'patienceValue');\r\n    updateSliderValue('curiosity', 'curiosityValue');\r\n    updateSliderValue('openness', 'opennessValue');\r\n    \r\n    // Обновление при изменении имени\r\n    document.getElementById('aiName').addEventListener('input', updateTestChat);\r\n  </script>\r\n</body>\r\n</html>"
  },
  "style": {
    "language": "css",
    "content": ""
  },
  "script": {
    "language": "javascript",
    "content": ""
  },
  "stylesheets": [],
  "scripts": [],
  "cssPreset": "",
  "imports": {},
  "types": {},
  "tests": {
    "language": "typescript",
    "content": ""
  },
  "tools": {
    "enabled": "all",
    "active": "console",
    "status": "closed"
  },
  "zoom": 1,
  "processors": [],
  "customSettings": {},
  "useTabs": false,
  "tabSize": 2,
  "lineNumbers": true,
  "wordWrap": false,
  "closeBrackets": true,
  "foldRegions": false,
  "semicolons": true,
  "singleQuote": false,
  "trailingComma": true,
  "emmet": true,
  "enableAI": false,
  "version": "46"
}